snapshot_at_utc	omz_commit	theme	last_commit_at	last_commit_sha	uses_git_prompt_info	uses_parse_git_dirty	uses_vcs_info	direct_git_calls	uses_zle_fd_handler	uses_zsh_hooks	last_commit_subject
2026-08-27T17:11:21Z	2264a8042763edf2620cfe32d96b096e1f3d26aa	3den	2019-05-08T08:45:34+02:00	299cd4777a8b9da1934a1ed0c80767eea6691a70	1	0	0	0	0	0	Themes: switch to using ruby_prompt_info()
2026-08-27T17:11:21Z	2264a8042763edf2620cfe32d96b096e1f3d26aa	Soliah	2024-03-26T09:55:16+01:00	1d09c6bb0a950756a65b02457842933e3aa493eb	1	0	0	3	0	0	style: remove trailing whitespace (#12303)
2026-08-27T17:11:21Z	2264a8042763edf2620cfe32d96b096e1f3d26aa	adben	2024-03-26T09:55:16+01:00	1d09c6bb0a950756a65b02457842933e3aa493eb	1	0	0	0	0	0	style: remove trailing whitespace (#12303)
2026-08-27T17:11:21Z	2264a8042763edf2620cfe32d96b096e1f3d26aa	af-magic	2025-06-29T17:11:47+02:00	cb72d7dcbf08b435c7f8a6470802b207b2aa02c3	1	0	0	0	0	0	fix(af-magic): fix venv prompt counting parenthesis (#13190)
2026-08-27T17:11:21Z	2264a8042763edf2620cfe32d96b096e1f3d26aa	afowler	2021-12-13T11:17:13+01:00	a1a63f4c7d3e765ffc4af93793d6d45287e80291	1	0	0	0	0	0	feat(afowler): add mercurial support
2026-08-27T17:11:21Z	2264a8042763edf2620cfe32d96b096e1f3d26aa	agnoster	2025-06-09T20:40:46+02:00	3ff8c7ef678a990a88ca988c3a4f007296af4934	0	1	1	11	0	0	feat(agnoster): add terraform to prompt (#7892)
2026-08-27T17:11:21Z	2264a8042763edf2620cfe32d96b096e1f3d26aa	alanpeabody	2019-05-08T08:45:34+02:00	299cd4777a8b9da1934a1ed0c80767eea6691a70	1	0	0	0	0	0	Themes: switch to using ruby_prompt_info()
2026-08-27T17:11:21Z	2264a8042763edf2620cfe32d96b096e1f3d26aa	amuse	2024-05-15T19:27:21+02:00	fb91ca27a2d65b834e98a3986cfee73ad82ea412	1	0	0	0	0	0	feat(amuse): add whitespace before virtualenv (#12423)
2026-08-27T17:11:21Z	2264a8042763edf2620cfe32d96b096e1f3d26aa	apple	2023-05-03T11:19:41+02:00	85fdbfe21692a3fa7bdd7bc509163e23fb385279	0	0	1	1	0	1	fix(apple): go back to previous icon
2026-08-27T17:11:21Z	2264a8042763edf2620cfe32d96b096e1f3d26aa	arrow	2020-08-04T15:55:04+02:00	69a380771e571eb38f3887adf0d92a99b4309361	1	0	0	0	0	0	Remove non-existing %p prompt sequence from themes
2026-08-27T17:11:21Z	2264a8042763edf2620cfe32d96b096e1f3d26aa	aussiegeek	2024-09-24T18:18:17+02:00	9114853500ea66cff7c803b0e951754833946f3d	1	0	0	0	0	0	fix(aussiegeek): quote color sequences
2026-08-27T17:11:21Z	2264a8042763edf2620cfe32d96b096e1f3d26aa	avit	2024-03-26T09:55:16+01:00	1d09c6bb0a950756a65b02457842933e3aa493eb	1	0	0	1	0	0	style: remove trailing whitespace (#12303)
2026-08-27T17:11:21Z	2264a8042763edf2620cfe32d96b096e1f3d26aa	awesomepanda	2024-09-03T23:35:22+02:00	ab3d42a34cd0600b723de0accc248632f2dcf4e3	1	0	0	0	0	0	Revert "fix(awesomepanda): new line wrap" (#12651)
2026-08-27T17:11:21Z	2264a8042763edf2620cfe32d96b096e1f3d26aa	bira	2024-07-15T19:17:05+02:00	be10a9127731e7c6a9a57f8c8c1789e233117ae9	1	0	0	0	0	0	feat(bira): add `conda` env information (requires `conda-env` plugin) (#12546)
2026-08-27T17:11:22Z	2264a8042763edf2620cfe32d96b096e1f3d26aa	blinks	2025-05-22T11:27:34+02:00	0354add542b6d769dbe39e10eb0caa0a11b2b716	1	0	0	1	0	0	fix(blinks)!: use `default` instead of `black` color (#13123)
2026-08-27T17:11:22Z	2264a8042763edf2620cfe32d96b096e1f3d26aa	bureau	2023-05-24T14:32:26+02:00	ec369bb38e873fa2e8954bc45bc192fdb0051313	0	0	0	6	0	1	fix(bureau): properly display git stash info (#11711)
2026-08-27T17:11:22Z	2264a8042763edf2620cfe32d96b096e1f3d26aa	candy-kingdom	2022-01-03T13:50:52+01:00	a9d57eb2eec4d6234c4714a430ddfb4c57443570	1	0	0	0	0	0	fix: quote % in `box_name` prompt functions
2026-08-27T17:11:22Z	2264a8042763edf2620cfe32d96b096e1f3d26aa	candy	2016-03-30T21:46:39+02:00	e8a9d0ee1a97033fb4aa371263889b77200b6d62	1	0	0	0	0	0	localization support for clock in candy theme
2026-08-27T17:11:22Z	2264a8042763edf2620cfe32d96b096e1f3d26aa	clean	2018-08-07T20:42:01+02:00	19b925e741fa46d2222210469a4dffc34a634ebd	1	0	0	0	0	0	use https everywhere (#6574)
2026-08-27T17:11:22Z	2264a8042763edf2620cfe32d96b096e1f3d26aa	cloud	2020-08-04T15:55:04+02:00	69a380771e571eb38f3887adf0d92a99b4309361	1	0	0	0	0	0	Remove non-existing %p prompt sequence from themes
2026-08-27T17:11:22Z	2264a8042763edf2620cfe32d96b096e1f3d26aa	crcandy	2019-06-14T14:46:08+02:00	9060c1ddae7290c88eb91d48567f07624a881376	1	0	0	0	0	0	crcandy: use 24h format in prompt (#7926)
2026-08-27T17:11:22Z	2264a8042763edf2620cfe32d96b096e1f3d26aa	crunch	2024-03-26T09:55:16+01:00	1d09c6bb0a950756a65b02457842933e3aa493eb	1	0	0	0	0	0	style: remove trailing whitespace (#12303)
2026-08-27T17:11:22Z	2264a8042763edf2620cfe32d96b096e1f3d26aa	cypher	2015-08-16T22:53:07-06:00	c66c3aef8126bf943b2746afb6a9c2a536990db5	0	0	0	0	0	0	Fix graphical bug in cypher theme when return status is non-zero
2026-08-27T17:11:22Z	2264a8042763edf2620cfe32d96b096e1f3d26aa	dallas	2021-12-01T12:20:31+01:00	0e41181d547e2f89ffc503a7afc8b0f3991dd1a8	1	1	0	0	0	0	chore: fix spelling errors across the project (#10459)
2026-08-27T17:11:22Z	2264a8042763edf2620cfe32d96b096e1f3d26aa	darkblood	2009-11-09T07:15:06+08:00	e24709a2b80c8f829c8ceb66130a4b3a6cb86261	1	0	0	0	0	0	Fixed darkblood theme as in issue #23.
2026-08-27T17:11:22Z	2264a8042763edf2620cfe32d96b096e1f3d26aa	daveverwer	2010-05-08T04:30:50+08:00	97aac4acb5913a042a12a4797f5cc1894f2e21f5	1	0	0	0	0	0	New theme "daveverwer", based on "geoffgarside".
2026-08-27T17:11:22Z	2264a8042763edf2620cfe32d96b096e1f3d26aa	dieter	2022-01-05T09:23:54+01:00	d3bb52d7d825f2a6ce2e1c76ca472b05c6f27b40	1	0	0	0	0	0	style: declare globals properly
2026-08-27T17:11:22Z	2264a8042763edf2620cfe32d96b096e1f3d26aa	dogenpunk	2022-01-10T19:39:05+01:00	9c84c344d762b200de7acc794b9a0e7832144e7a	1	0	0	3	0	0	fix: disable `log.showSignature` in `git log` calls
2026-08-27T17:11:22Z	2264a8042763edf2620cfe32d96b096e1f3d26aa	dpoggi	2026-03-24T08:50:36+01:00	7e7cb5a23c63bde29dd45e3bed2599556b638cf5	1	0	0	0	0	0	fix(dpoggi): ensure correct Ghostty rendering (#13644)
2026-08-27T17:11:22Z	2264a8042763edf2620cfe32d96b096e1f3d26aa	dst	2019-03-25T17:05:50+01:00	e59cc94805ebe76b0eb57de0b84e403583ebd4db	1	0	0	0	0	0	themes: fix prompt verbosity on window resize
2026-08-27T17:11:22Z	2264a8042763edf2620cfe32d96b096e1f3d26aa	dstufft	2018-10-07T23:01:25+02:00	3a6fa9149b7a3db89d22f40ae371ad636f5ed527	1	0	0	1	0	0	Fix tilde substitution in theme prompts
2026-08-27T17:11:22Z	2264a8042763edf2620cfe32d96b096e1f3d26aa	duellj	2018-08-07T20:42:01+02:00	19b925e741fa46d2222210469a4dffc34a634ebd	0	0	0	0	0	0	use https everywhere (#6574)
2026-08-27T17:11:22Z	2264a8042763edf2620cfe32d96b096e1f3d26aa	eastwood	2026-05-28T19:45:47+02:00	c90141ed77ff89cc4d9e957aaee713e576ad2c39	0	1	0	0	0	0	fix: escape % characters in git prompts
2026-08-27T17:11:22Z	2264a8042763edf2620cfe32d96b096e1f3d26aa	edvardm	2020-08-04T15:55:04+02:00	69a380771e571eb38f3887adf0d92a99b4309361	1	0	0	0	0	0	Remove non-existing %p prompt sequence from themes
2026-08-27T17:11:22Z	2264a8042763edf2620cfe32d96b096e1f3d26aa	emotty	2024-03-26T09:55:16+01:00	1d09c6bb0a950756a65b02457842933e3aa493eb	0	0	1	1	0	1	style: remove trailing whitespace (#12303)
2026-08-27T17:11:22Z	2264a8042763edf2620cfe32d96b096e1f3d26aa	essembeh	2024-06-17T21:38:21+02:00	373a1fd585a09b680fec0fc3a3c22901d86c0a4d	1	0	0	0	0	0	fix(essembeh): use async prompt (#12512)
2026-08-27T17:11:22Z	2264a8042763edf2620cfe32d96b096e1f3d26aa	evan	2019-09-08T15:05:20+02:00	9c3e3ae5e451637873ae74da1732e98f3df3784c	0	0	0	0	0	0	Change description for Evan's theme to something neutral (#6304)
2026-08-27T17:11:22Z	2264a8042763edf2620cfe32d96b096e1f3d26aa	fino-time	2023-07-25T10:25:07+02:00	e564793939a086fc4c46628b193a38997ea4ecb3	1	0	0	1	0	0	feat(fino-time): add conda environment (#11785)
2026-08-27T17:11:22Z	2264a8042763edf2620cfe32d96b096e1f3d26aa	fino	2022-01-03T13:50:52+01:00	a9d57eb2eec4d6234c4714a430ddfb4c57443570	1	0	0	1	0	0	fix: quote % in `box_name` prompt functions
2026-08-27T17:11:22Z	2264a8042763edf2620cfe32d96b096e1f3d26aa	fishy	2024-04-23T10:54:00+02:00	ee69c14beb24c652707b2f6b2a9db0fa8b238d05	1	0	0	0	0	0	feat(fishy): add color to username (#12369)
2026-08-27T17:11:22Z	2264a8042763edf2620cfe32d96b096e1f3d26aa	flazz	2021-03-25T12:08:00+01:00	02d07f3e3dba0d50b1d907a8062bbaca18f88478	1	0	0	0	0	0	fix: use `$USERNAME` guaranteed to always be defined in zsh
2026-08-27T17:11:23Z	2264a8042763edf2620cfe32d96b096e1f3d26aa	fletcherm	2010-08-19T22:29:17+08:00	306cea0945166bd0b32290c0813bf90c7dee6369	1	0	0	0	0	0	add fletcherm theme; a slightly modified copy of an old tonotdo theme
2026-08-27T17:11:23Z	2264a8042763edf2620cfe32d96b096e1f3d26aa	fox	2014-03-08T23:51:59+06:00	c249c69065f1216bd83f5bd92e87f560e42675fb	1	0	0	0	0	0	Remove all copyright information in themes. Closes #2587
2026-08-27T17:11:23Z	2264a8042763edf2620cfe32d96b096e1f3d26aa	frisk	2022-04-09T15:18:24+02:00	fcceeb666452c5a41b786f3cde9c8635ddde5448	1	0	0	0	0	0	fix(frisk): fix color typo in `PS2` (#10839)
2026-08-27T17:11:23Z	2264a8042763edf2620cfe32d96b096e1f3d26aa	frontcube	2022-07-12T19:44:32+02:00	249c708ed3a4a7a63d16a6e911a46b6fb9623cbd	1	0	0	0	0	0	fix(frontcube): fix escape of reset color sequence (#10921)
2026-08-27T17:11:23Z	2264a8042763edf2620cfe32d96b096e1f3d26aa	fwalch	2020-08-04T15:55:04+02:00	69a380771e571eb38f3887adf0d92a99b4309361	1	0	0	0	0	0	Remove non-existing %p prompt sequence from themes
2026-08-27T17:11:23Z	2264a8042763edf2620cfe32d96b096e1f3d26aa	gallifrey	2019-11-20T17:26:18-08:00	b80b1a1e8b30e5f2a7c4977019cf56e72c434037	1	0	0	0	0	0	Actions to take after repository migration is complete (#8394)
2026-08-27T17:11:23Z	2264a8042763edf2620cfe32d96b096e1f3d26aa	gallois	2026-05-28T19:45:47+02:00	c90141ed77ff89cc4d9e957aaee713e576ad2c39	0	1	0	0	0	0	fix: escape % characters in git prompts
2026-08-27T17:11:23Z	2264a8042763edf2620cfe32d96b096e1f3d26aa	garyblessington	2009-11-09T22:05:00+01:00	5246e103c54b7e503cb0c7a715a9d88dc5a4f0e1	1	0	0	0	0	0	Fixed all themes so tab-completion doesn't move the cursor to a weird position
2026-08-27T17:11:23Z	2264a8042763edf2620cfe32d96b096e1f3d26aa	gentoo	2022-03-03T17:53:03+01:00	46195d3aa7b21c2477e3ddacd57ac82856b3be76	0	0	1	2	0	1	fix: fix svn branch output in themes: apple, gentoo, kolo, zhann (#10751)
2026-08-27T17:11:23Z	2264a8042763edf2620cfe32d96b096e1f3d26aa	geoffgarside	2009-09-14T12:42:53-04:00	85a4e3028990b6583253308ada3d456c291487d7	1	0	0	0	0	0	Added risto theme and made git.zsh themable
2026-08-27T17:11:23Z	2264a8042763edf2620cfe32d96b096e1f3d26aa	gianu	2014-03-08T23:51:59+06:00	c249c69065f1216bd83f5bd92e87f560e42675fb	1	0	0	0	0	0	Remove all copyright information in themes. Closes #2587
2026-08-27T17:11:23Z	2264a8042763edf2620cfe32d96b096e1f3d26aa	gnzh	2024-09-18T20:42:18+02:00	d91944d47e6f4163da16e6fa71a41e35e2af191e	1	0	0	0	0	0	feat(gnzh): add virtualenv prompt (#12666)
2026-08-27T17:11:23Z	2264a8042763edf2620cfe32d96b096e1f3d26aa	gozilla	2020-08-04T15:55:04+02:00	69a380771e571eb38f3887adf0d92a99b4309361	1	0	0	0	0	0	Remove non-existing %p prompt sequence from themes
2026-08-27T17:11:23Z	2264a8042763edf2620cfe32d96b096e1f3d26aa	half-life	2023-05-23T08:46:46+02:00	1bbe4d8d2431b5ac06d7402b570431884786db58	0	0	1	2	0	1	feat(half-life): add virtualenv prompt (#11708)
2026-08-27T17:11:23Z	2264a8042763edf2620cfe32d96b096e1f3d26aa	humza	2011-05-30T19:10:26-04:00	93dab36fcb7f138aba32e5102c621180055d67fe	1	0	0	0	0	0	added humza.zsh-theme
2026-08-27T17:11:23Z	2264a8042763edf2620cfe32d96b096e1f3d26aa	imajes	2009-09-22T23:02:18+01:00	7d511379c1eace3363433352a9e38831785d2e5e	0	0	0	0	0	0	minimalist
2026-08-27T17:11:23Z	2264a8042763edf2620cfe32d96b096e1f3d26aa	intheloop	2014-03-08T23:51:59+06:00	c249c69065f1216bd83f5bd92e87f560e42675fb	1	0	0	0	0	0	Remove all copyright information in themes. Closes #2587
2026-08-27T17:11:23Z	2264a8042763edf2620cfe32d96b096e1f3d26aa	itchy	2019-05-08T08:45:34+02:00	299cd4777a8b9da1934a1ed0c80767eea6691a70	1	0	0	0	0	0	Themes: switch to using ruby_prompt_info()
2026-08-27T17:11:23Z	2264a8042763edf2620cfe32d96b096e1f3d26aa	jaischeema	2019-05-08T08:45:34+02:00	299cd4777a8b9da1934a1ed0c80767eea6691a70	1	0	0	0	0	0	Themes: switch to using ruby_prompt_info()
2026-08-27T17:11:23Z	2264a8042763edf2620cfe32d96b096e1f3d26aa	jbergantine	2020-08-04T15:55:04+02:00	69a380771e571eb38f3887adf0d92a99b4309361	1	0	0	0	0	0	Remove non-existing %p prompt sequence from themes
2026-08-27T17:11:23Z	2264a8042763edf2620cfe32d96b096e1f3d26aa	jispwoso	2014-12-11T19:47:29+08:00	6f70d288cc4625142413227109bf1eeac7e2a180	1	0	0	0	0	0	Update theme "jispwoso" to support ret status and git
2026-08-27T17:11:23Z	2264a8042763edf2620cfe32d96b096e1f3d26aa	jnrowe	2022-03-03T17:49:12+01:00	04b1b75b9da2d0295c40e12e01ed222a4f00ec39	0	0	1	2	0	1	style: remove VCS_INFO svn settings from themes that don't enable it
2026-08-27T17:11:23Z	2264a8042763edf2620cfe32d96b096e1f3d26aa	jonathan	2026-08-06T09:20:53+02:00	0912e05c0589d26ea20d79555487900880aad4d5	1	0	0	0	0	1	fix(jonathan): make compatible with Ghostty shell-integration (#13917)
2026-08-27T17:11:23Z	2264a8042763edf2620cfe32d96b096e1f3d26aa	josh	2026-07-07T10:47:59+02:00	8c8782e36250cf85e3c0fc2e8391e7742b1ac3aa	0	0	0	1	0	0	fix(josh): escape % in branch before computing branch_size (#13835)
2026-08-27T17:11:23Z	2264a8042763edf2620cfe32d96b096e1f3d26aa	jreese	2018-08-07T20:42:01+02:00	19b925e741fa46d2222210469a4dffc34a634ebd	1	0	0	0	0	0	use https everywhere (#6574)
2026-08-27T17:11:23Z	2264a8042763edf2620cfe32d96b096e1f3d26aa	jtriley	2020-08-04T15:55:04+02:00	69a380771e571eb38f3887adf0d92a99b4309361	0	0	0	0	0	0	Remove non-existing %p prompt sequence from themes
2026-08-27T17:11:23Z	2264a8042763edf2620cfe32d96b096e1f3d26aa	juanghurtado	2026-05-28T19:45:47+02:00	c90141ed77ff89cc4d9e957aaee713e576ad2c39	0	1	0	0	0	0	fix: escape % characters in git prompts
2026-08-27T17:11:24Z	2264a8042763edf2620cfe32d96b096e1f3d26aa	junkfood	2024-03-26T09:55:16+01:00	1d09c6bb0a950756a65b02457842933e3aa493eb	1	0	0	0	0	0	style: remove trailing whitespace (#12303)
2026-08-27T17:11:24Z	2264a8042763edf2620cfe32d96b096e1f3d26aa	kafeitu	2020-08-04T15:55:04+02:00	69a380771e571eb38f3887adf0d92a99b4309361	1	0	0	0	0	0	Remove non-existing %p prompt sequence from themes
2026-08-27T17:11:24Z	2264a8042763edf2620cfe32d96b096e1f3d26aa	kardan	2014-11-06T18:33:56+01:00	95d795e8cad7d1a754dfad520309d7a41b69275f	1	0	0	0	0	0	Change all hostname calls for $HOST or $SHORT_HOST
2026-08-27T17:11:24Z	2264a8042763edf2620cfe32d96b096e1f3d26aa	kennethreitz	2016-02-14T04:19:46-05:00	568f4812f268de5526de20b43abc53a01fc80d62	1	0	0	0	0	0	update kennethreitz.zsh-theme
2026-08-27T17:11:24Z	2264a8042763edf2620cfe32d96b096e1f3d26aa	kiwi	2020-02-11T17:43:59+01:00	05cae34676ac3a22fb8a0adca8ab9b5301f48fb9	1	0	0	0	0	0	Detect dependency plugins in candy-kingdom and kiwi themes
2026-08-27T17:11:24Z	2264a8042763edf2620cfe32d96b096e1f3d26aa	kolo	2022-03-03T17:53:03+01:00	46195d3aa7b21c2477e3ddacd57ac82856b3be76	0	0	1	2	0	1	fix: fix svn branch output in themes: apple, gentoo, kolo, zhann (#10751)
2026-08-27T17:11:24Z	2264a8042763edf2620cfe32d96b096e1f3d26aa	kphoen	2014-03-08T23:51:59+06:00	c249c69065f1216bd83f5bd92e87f560e42675fb	1	0	0	0	0	0	Remove all copyright information in themes. Closes #2587
2026-08-27T17:11:24Z	2264a8042763edf2620cfe32d96b096e1f3d26aa	lambda	2018-08-07T20:42:01+02:00	19b925e741fa46d2222210469a4dffc34a634ebd	1	0	0	0	0	0	use https everywhere (#6574)
2026-08-27T17:11:24Z	2264a8042763edf2620cfe32d96b096e1f3d26aa	linuxonly	2022-03-03T17:49:12+01:00	04b1b75b9da2d0295c40e12e01ed222a4f00ec39	0	0	1	2	0	1	style: remove VCS_INFO svn settings from themes that don't enable it
2026-08-27T17:11:24Z	2264a8042763edf2620cfe32d96b096e1f3d26aa	lukerandall	2026-05-28T19:45:47+02:00	c90141ed77ff89cc4d9e957aaee713e576ad2c39	0	0	0	1	0	0	fix: escape % characters in git prompts
2026-08-27T17:11:24Z	2264a8042763edf2620cfe32d96b096e1f3d26aa	macovsky-ruby	2019-05-08T08:45:34+02:00	299cd4777a8b9da1934a1ed0c80767eea6691a70	0	0	0	0	0	0	Themes: switch to using ruby_prompt_info()
2026-08-27T17:11:24Z	2264a8042763edf2620cfe32d96b096e1f3d26aa	macovsky	2019-05-08T08:45:34+02:00	299cd4777a8b9da1934a1ed0c80767eea6691a70	1	0	0	0	0	0	Themes: switch to using ruby_prompt_info()
2026-08-27T17:11:24Z	2264a8042763edf2620cfe32d96b096e1f3d26aa	maran	2018-12-31T11:12:55-08:00	e0ee79f2bc985456f302349457fdf30587fb2dad	1	0	0	0	0	0	Remove duplicate space on the maran theme (#7454)
2026-08-27T17:11:24Z	2264a8042763edf2620cfe32d96b096e1f3d26aa	mgutz	2010-05-08T04:20:59+08:00	1d03ea53427c0658fc6924aa890c21f6e46c0a80	1	0	0	0	0	0	my theme
2026-08-27T17:11:24Z	2264a8042763edf2620cfe32d96b096e1f3d26aa	mh	2018-08-07T20:42:01+02:00	19b925e741fa46d2222210469a4dffc34a634ebd	1	0	0	0	0	0	use https everywhere (#6574)
2026-08-27T17:11:24Z	2264a8042763edf2620cfe32d96b096e1f3d26aa	michelebologna	2026-05-28T19:23:46+02:00	8eff9a545594fc7b3f3fad231fecc107e1dde567	1	0	0	0	0	0	fix(michelebologna): syntax, escaping, label (#13756)
2026-08-27T17:11:24Z	2264a8042763edf2620cfe32d96b096e1f3d26aa	miloshadzic	2011-06-01T12:45:15+02:00	0d476e02cd1b5660b09acde25725191044f062ac	1	0	0	0	0	0	Adds my theme
2026-08-27T17:11:24Z	2264a8042763edf2620cfe32d96b096e1f3d26aa	minimal	2021-12-13T10:50:50+01:00	4119f53004de987215e4ae2ce49d0f818ad58c63	1	0	0	0	0	0	perf(mercurial): optimize utility functions
2026-08-27T17:11:24Z	2264a8042763edf2620cfe32d96b096e1f3d26aa	mira	2019-05-08T08:45:34+02:00	299cd4777a8b9da1934a1ed0c80767eea6691a70	1	0	0	0	0	0	Themes: switch to using ruby_prompt_info()
2026-08-27T17:11:24Z	2264a8042763edf2620cfe32d96b096e1f3d26aa	mlh	2024-03-26T09:55:16+01:00	1d09c6bb0a950756a65b02457842933e3aa493eb	1	0	0	0	0	0	style: remove trailing whitespace (#12303)
2026-08-27T17:11:24Z	2264a8042763edf2620cfe32d96b096e1f3d26aa	mortalscumbag	2026-05-28T19:45:47+02:00	c90141ed77ff89cc4d9e957aaee713e576ad2c39	0	0	0	4	0	0	fix: escape % characters in git prompts
2026-08-27T17:11:24Z	2264a8042763edf2620cfe32d96b096e1f3d26aa	mrtazz	2010-08-19T07:27:05-07:00	75de90dc9eedc62edfbd34785f191c56fee802b0	1	0	0	0	0	0	add simple mrtazz theme based on robbyrussell
2026-08-27T17:11:24Z	2264a8042763edf2620cfe32d96b096e1f3d26aa	murilasso	2021-12-13T17:14:25+01:00	e3bb6e685dc0325f472a4cfadb9847add12ec699	1	0	0	0	0	0	refactor(themes): use `ruby_prompt_info` everywhere
2026-08-27T17:11:24Z	2264a8042763edf2620cfe32d96b096e1f3d26aa	muse	2020-06-10T12:57:01+02:00	0f3c424e4caf3558b04daaed42713e8d2cab0345	1	0	0	0	0	0	muse: clean up theme
2026-08-27T17:11:24Z	2264a8042763edf2620cfe32d96b096e1f3d26aa	nanotech	2010-11-14T16:53:13-06:00	2a203b558fd6328c9a91e9dbbf145d91e7ba7ed1	1	0	0	0	0	0	themes/nanotech: Use the new built-in zsh color variables.
2026-08-27T17:11:24Z	2264a8042763edf2620cfe32d96b096e1f3d26aa	nebirhos	2020-03-26T12:39:51+01:00	d247f98d3edccfd12224cab077d36124849092ee	1	0	0	0	0	0	nebirhos: use short hostname in prompt
2026-08-27T17:11:25Z	2264a8042763edf2620cfe32d96b096e1f3d26aa	nicoulaj	2025-03-20T19:41:27+01:00	da2510c199edfd3fd28d6297b38ff129b20d3d91	0	0	1	0	0	1	fix(nicoluaj): avoid overriding customization params (#12859)
2026-08-27T17:11:25Z	2264a8042763edf2620cfe32d96b096e1f3d26aa	norm	2020-02-27T18:28:08+01:00	dbd2f77bd9c13f017550ee6dae37ff95a2c3d183	1	0	0	0	0	0	norm: add hg prompt (#6725)
2026-08-27T17:11:25Z	2264a8042763edf2620cfe32d96b096e1f3d26aa	obraun	2021-10-13T10:00:46+02:00	dbf555438e48fe447736200bd6f6d969a51a8086	1	0	0	0	0	0	feat(obraun): display time with leading zeros (#10289)
2026-08-27T17:11:25Z	2264a8042763edf2620cfe32d96b096e1f3d26aa	oldgallois	2026-05-28T19:45:47+02:00	c90141ed77ff89cc4d9e957aaee713e576ad2c39	0	1	0	0	0	0	fix: escape % characters in git prompts
2026-08-27T17:11:25Z	2264a8042763edf2620cfe32d96b096e1f3d26aa	peepcode	2026-05-28T19:45:47+02:00	c90141ed77ff89cc4d9e957aaee713e576ad2c39	0	0	0	3	0	0	fix: escape % characters in git prompts
2026-08-27T17:11:25Z	2264a8042763edf2620cfe32d96b096e1f3d26aa	philips	2018-08-07T20:42:01+02:00	19b925e741fa46d2222210469a4dffc34a634ebd	1	0	0	0	0	0	use https everywhere (#6574)
2026-08-27T17:11:25Z	2264a8042763edf2620cfe32d96b096e1f3d26aa	pmcgee	2018-08-07T20:42:01+02:00	19b925e741fa46d2222210469a4dffc34a634ebd	1	0	0	0	0	0	use https everywhere (#6574)
2026-08-27T17:11:25Z	2264a8042763edf2620cfe32d96b096e1f3d26aa	pygmalion-virtualenv	2021-11-11T22:45:40+01:00	b3ba9978cc42a5031c7b68e3cf917ec2e64643bc	1	0	0	0	0	1	fix(themes): fix potential command injection in `pygmalion`, `pygmalion-virtualenv` and `refined`
2026-08-27T17:11:25Z	2264a8042763edf2620cfe32d96b096e1f3d26aa	pygmalion	2024-07-12T18:18:20+02:00	fa583cfb87b80e3f7d7577c8b62b7d1385c01337	1	0	0	0	0	0	refactor(pygmalion): simplify theme logic and prompt sequences (#12550)
2026-08-27T17:11:25Z	2264a8042763edf2620cfe32d96b096e1f3d26aa	random	2021-12-28T11:04:13+01:00	634296be3c985ed475ffbc1c0ffabe7ebd698808	0	0	0	0	0	0	fix(random): fix negated logic in `ZSH_THEME_RANDOM_QUIET`
2026-08-27T17:11:25Z	2264a8042763edf2620cfe32d96b096e1f3d26aa	re5et	2021-03-25T12:08:00+01:00	02d07f3e3dba0d50b1d907a8062bbaca18f88478	1	0	0	0	0	0	fix: use `$USERNAME` guaranteed to always be defined in zsh
2026-08-27T17:11:25Z	2264a8042763edf2620cfe32d96b096e1f3d26aa	refined	2022-11-04T19:34:02+01:00	9f2bbebdf78322ab11a4cc57e2932fcbf6fb3fa8	0	0	1	2	0	0	docs: fix some capitalization typos(#11293)
2026-08-27T17:11:25Z	2264a8042763edf2620cfe32d96b096e1f3d26aa	rgm	2010-05-08T04:26:47+08:00	08a90297fe7c1105253619e42f0fb07a2538db21	1	0	0	0	0	0	Add my preferred prompt
2026-08-27T17:11:25Z	2264a8042763edf2620cfe32d96b096e1f3d26aa	risto	2009-09-14T12:42:53-04:00	85a4e3028990b6583253308ada3d456c291487d7	1	0	0	0	0	0	Added risto theme and made git.zsh themable
2026-08-27T17:11:25Z	2264a8042763edf2620cfe32d96b096e1f3d26aa	rixius	2014-03-08T23:51:59+06:00	c249c69065f1216bd83f5bd92e87f560e42675fb	1	0	0	1	0	0	Remove all copyright information in themes. Closes #2587
2026-08-27T17:11:25Z	2264a8042763edf2620cfe32d96b096e1f3d26aa	rkj-repos	2026-05-28T19:45:47+02:00	c90141ed77ff89cc4d9e957aaee713e576ad2c39	0	0	0	3	0	0	fix: escape % characters in git prompts
2026-08-27T17:11:25Z	2264a8042763edf2620cfe32d96b096e1f3d26aa	rkj	2018-08-07T20:42:01+02:00	19b925e741fa46d2222210469a4dffc34a634ebd	0	0	0	0	0	0	use https everywhere (#6574)
2026-08-27T17:11:25Z	2264a8042763edf2620cfe32d96b096e1f3d26aa	robbyrussell	2023-11-24T09:45:32+01:00	e11d81303753b0fefbc50ce10ec4612c7ff33e84	1	0	0	0	0	0	fix(robbyrussell): line wrapping for some systems (#12058)
2026-08-27T17:11:25Z	2264a8042763edf2620cfe32d96b096e1f3d26aa	sammy	2011-12-26T13:16:26+10:00	59baf390e96751fc51299ecefe921ba8718ba3aa	1	0	0	0	0	0	Black on white theme inspired by Sam Stephenson's terminal screenshot on https://github.com/sstephenson/rbenv
2026-08-27T17:11:25Z	2264a8042763edf2620cfe32d96b096e1f3d26aa	simonoff	2021-12-16T10:16:53+01:00	7d03ea18eda8d89316fdb035fb3840f48a065338	1	0	0	0	0	1	fix: declare variables as global when using `typeset`
2026-08-27T17:11:25Z	2264a8042763edf2620cfe32d96b096e1f3d26aa	simple	2022-01-24T11:47:30+01:00	d4f5fa37e8be25e1b4f281fcf5b90cf700dc3c95	1	0	0	0	0	0	feat(simple): add color to git status indicator (#4962)
2026-08-27T17:11:25Z	2264a8042763edf2620cfe32d96b096e1f3d26aa	skaro	2010-05-08T04:32:35+08:00	456834b9ea5aca1a7727f7070681e5d0336e3893	1	0	0	0	0	0	added skaro theme
2026-08-27T17:11:25Z	2264a8042763edf2620cfe32d96b096e1f3d26aa	smt	2022-01-10T19:39:05+01:00	9c84c344d762b200de7acc794b9a0e7832144e7a	1	0	0	3	0	0	fix: disable `log.showSignature` in `git log` calls
2026-08-27T17:11:25Z	2264a8042763edf2620cfe32d96b096e1f3d26aa	sonicradish	2025-01-15T17:03:32+01:00	028d65363230b4aa54f3aaa14e03237243a2f1d8	1	0	0	0	0	1	fix(sonicradish): reset color typo (#12912)
2026-08-27T17:11:25Z	2264a8042763edf2620cfe32d96b096e1f3d26aa	sorin	2018-08-07T20:42:01+02:00	19b925e741fa46d2222210469a4dffc34a634ebd	1	0	0	0	0	0	use https everywhere (#6574)
2026-08-27T17:11:25Z	2264a8042763edf2620cfe32d96b096e1f3d26aa	sporty_256	2018-08-07T20:42:01+02:00	19b925e741fa46d2222210469a4dffc34a634ebd	1	0	0	0	0	0	use https everywhere (#6574)
2026-08-27T17:11:26Z	2264a8042763edf2620cfe32d96b096e1f3d26aa	steeef	2018-08-07T20:42:01+02:00	19b925e741fa46d2222210469a4dffc34a634ebd	0	0	1	2	0	1	use https everywhere (#6574)
2026-08-27T17:11:26Z	2264a8042763edf2620cfe32d96b096e1f3d26aa	strug	2015-06-10T14:36:54+02:00	70c4a27fd6048c3213dd2f3bae21bff26005bc16	1	0	0	0	0	0	Added a possibility to display the remote branch and the number of commits you are ahead or behind
2026-08-27T17:11:26Z	2264a8042763edf2620cfe32d96b096e1f3d26aa	sunaku	2018-08-07T20:42:01+02:00	19b925e741fa46d2222210469a4dffc34a634ebd	1	0	0	0	0	0	use https everywhere (#6574)
2026-08-27T17:11:26Z	2264a8042763edf2620cfe32d96b096e1f3d26aa	sunrise	2026-05-28T19:45:47+02:00	c90141ed77ff89cc4d9e957aaee713e576ad2c39	0	1	0	2	0	0	fix: escape % characters in git prompts
2026-08-27T17:11:26Z	2264a8042763edf2620cfe32d96b096e1f3d26aa	superjarin	2014-11-10T18:42:31-08:00	d0f3fb3a4fdce51e1f59bdf4817c7adec80b0784	1	0	0	0	0	0	Merge simplified superjarin theme
2026-08-27T17:11:26Z	2264a8042763edf2620cfe32d96b096e1f3d26aa	suvash	2019-05-08T08:45:34+02:00	299cd4777a8b9da1934a1ed0c80767eea6691a70	1	0	0	1	0	0	Themes: switch to using ruby_prompt_info()
2026-08-27T17:11:26Z	2264a8042763edf2620cfe32d96b096e1f3d26aa	takashiyoshida	2010-06-05T23:24:21+08:00	47e9914529e0807681c3c6dd2c11187ee67f0326	1	0	0	0	0	0	Added my own theme.
2026-08-27T17:11:26Z	2264a8042763edf2620cfe32d96b096e1f3d26aa	terminalparty	2014-07-08T21:51:48-07:00	aa82bd7400d2c604987236f8f65c353143d56324	1	0	0	0	0	0	terminal party show exit status with color
2026-08-27T17:11:26Z	2264a8042763edf2620cfe32d96b096e1f3d26aa	theunraveler	2010-12-19T21:08:21-06:00	f2d60d3023b006e5e31928ed36491f4639a7a022	1	0	0	0	0	0	Updating theunraveler theme to include more detailed git info.
2026-08-27T17:11:26Z	2264a8042763edf2620cfe32d96b096e1f3d26aa	tjkirch	2019-03-25T17:05:50+01:00	e59cc94805ebe76b0eb57de0b84e403583ebd4db	1	0	0	0	0	0	themes: fix prompt verbosity on window resize
2026-08-27T17:11:26Z	2264a8042763edf2620cfe32d96b096e1f3d26aa	tjkirch_mod	2019-03-25T17:05:50+01:00	e59cc94805ebe76b0eb57de0b84e403583ebd4db	1	0	0	0	0	0	themes: fix prompt verbosity on window resize
2026-08-27T17:11:26Z	2264a8042763edf2620cfe32d96b096e1f3d26aa	tonotdo	2018-08-07T20:42:01+02:00	19b925e741fa46d2222210469a4dffc34a634ebd	1	0	0	0	0	0	use https everywhere (#6574)
2026-08-27T17:11:26Z	2264a8042763edf2620cfe32d96b096e1f3d26aa	trapd00r	2026-07-01T10:42:26+02:00	81becab1e791ec12968b128c371b50a4cc7537ae	0	0	1	2	0	1	docs: typos (#13846)
2026-08-27T17:11:26Z	2264a8042763edf2620cfe32d96b096e1f3d26aa	wedisagree	2024-03-26T09:55:16+01:00	1d09c6bb0a950756a65b02457842933e3aa493eb	1	0	0	2	0	0	style: remove trailing whitespace (#12303)
2026-08-27T17:11:26Z	2264a8042763edf2620cfe32d96b096e1f3d26aa	wexm	2026-08-25T20:22:22-04:00	2264a8042763edf2620cfe32d96b096e1f3d26aa	0	0	0	0	0	0	simplify
2026-08-27T17:11:26Z	2264a8042763edf2620cfe32d96b096e1f3d26aa	wezm+	2010-05-28T08:14:13+08:00	c5c870ac0556467a1b21f4298fda6aeefcc93ecd	1	0	0	0	0	0	Added customized version of the wezm theme (mainly added username/host in the prompt).
2026-08-27T17:11:26Z	2264a8042763edf2620cfe32d96b096e1f3d26aa	wezm	2009-10-08T09:50:32+11:00	069e9b8752ddaa85b0e21b8033f0c2075ac42f11	1	0	0	0	0	0	Add my own theme
2026-08-27T17:11:26Z	2264a8042763edf2620cfe32d96b096e1f3d26aa	wuffers	2012-01-23T20:42:54-05:00	6496acf58bf8531809490b52e34811f74a27cc7c	1	0	0	0	0	0	adding rbenv support to all the rvm themes
2026-08-27T17:11:26Z	2264a8042763edf2620cfe32d96b096e1f3d26aa	xiong-chiamiov-plus	2018-08-07T20:42:01+02:00	19b925e741fa46d2222210469a4dffc34a634ebd	1	0	0	0	0	0	use https everywhere (#6574)
2026-08-27T17:11:26Z	2264a8042763edf2620cfe32d96b096e1f3d26aa	xiong-chiamiov	2018-08-07T20:42:01+02:00	19b925e741fa46d2222210469a4dffc34a634ebd	0	0	0	0	0	0	use https everywhere (#6574)
2026-08-27T17:11:26Z	2264a8042763edf2620cfe32d96b096e1f3d26aa	ys	2022-01-27T21:48:42+01:00	303ae79712d8d1df05b3ec6f63eb129c9a2ed031	1	0	0	0	0	0	fix(ys): fix `$VIRTUAL_ENV` check if `nounset` is enabled (#9915)
2026-08-27T17:11:26Z	2264a8042763edf2620cfe32d96b096e1f3d26aa	zhann	2022-03-03T17:53:03+01:00	46195d3aa7b21c2477e3ddacd57ac82856b3be76	0	0	1	2	0	1	fix: fix svn branch output in themes: apple, gentoo, kolo, zhann (#10751)
